"No.","Time","Source","Destination","Protocol","Length","Signal strength (dBm)","Info"
"188","77.019115532","SamsungE_24:fa:c0","Broadcast","802.11","155","-85 dBm","Probe Request, SN=57, FN=0, Flags=........C, SSID=Wildcard (Broadcast)"
"189","77.020019121","SamsungE_24:fa:c0","Broadcast","802.11","160","-84 dBm","Probe Request, SN=58, FN=0, Flags=........C, SSID=""pollo"""
"190","77.021142280","SamsungE_24:fa:c0","Broadcast","802.11","166","-84 dBm","Probe Request, SN=59, FN=0, Flags=........C, SSID=""DIEGODANIEL"""
"191","77.027629149","SamsungE_24:fa:c0","Broadcast","802.11","155","-78 dBm","Probe Request, SN=60, FN=0, Flags=........C, SSID=Wildcard (Broadcast)"
"192","77.028599171","SamsungE_24:fa:c0","Broadcast","802.11","160","-83 dBm","Probe Request, SN=61, FN=0, Flags=........C, SSID=""pollo"""
"193","77.029697208","SamsungE_24:fa:c0","Broadcast","802.11","166","-83 dBm","Probe Request, SN=62, FN=0, Flags=........C, SSID=""DIEGODANIEL"""
"343","135.911326700","SamsungE_24:fa:c0","Broadcast","802.11","155","-72 dBm","Probe Request, SN=81, FN=0, Flags=........C, SSID=Wildcard (Broadcast)"
"344","135.912315540","SamsungE_24:fa:c0","Broadcast","802.11","160","-72 dBm","Probe Request, SN=82, FN=0, Flags=........C, SSID=""pollo"""
"345","135.913494730","SamsungE_24:fa:c0","Broadcast","802.11","166","-72 dBm","Probe Request, SN=83, FN=0, Flags=........C, SSID=""DIEGODANIEL"""
"346","135.926025070","SamsungE_24:fa:c0","Broadcast","802.11","155","-72 dBm","Probe Request, SN=84, FN=0, Flags=........C, SSID=Wildcard (Broadcast)"
"347","135.927141186","SamsungE_24:fa:c0","Broadcast","802.11","160","-72 dBm","Probe Request, SN=85, FN=0, Flags=........C, SSID=""pollo"""
"348","135.928265985","SamsungE_24:fa:c0","Broadcast","802.11","166","-71 dBm","Probe Request, SN=86, FN=0, Flags=........C, SSID=""DIEGODANIEL"""
"349","136.029186328","SamsungE_24:fa:c0","Broadcast","802.11","155","-75 dBm","Probe Request, SN=87, FN=0, Flags=........C, SSID=Wildcard (Broadcast)"
"350","136.031346784","SamsungE_24:fa:c0","Broadcast","802.11","166","-76 dBm","Probe Request, SN=89, FN=0, Flags=........C, SSID=""DIEGODANIEL"""
"351","136.174278803","SamsungE_24:fa:c0","Broadcast","802.11","155","-77 dBm","Probe Request, SN=96, FN=0, Flags=........C, SSID=Wildcard (Broadcast)"
"352","136.175293181","SamsungE_24:fa:c0","Broadcast","802.11","160","-75 dBm","Probe Request, SN=97, FN=0, Flags=........C, SSID=""pollo"""
"382","156.796926837","SamsungE_24:fa:c0","Broadcast","802.11","155","-79 dBm","Probe Request, SN=54, FN=0, Flags=........C, SSID=Wildcard (Broadcast)"
"383","156.798108004","SamsungE_24:fa:c0","Broadcast","802.11","160","-78 dBm","Probe Request, SN=55, FN=0, Flags=........C, SSID=""pollo"""
"384","156.799297446","SamsungE_24:fa:c0","Broadcast","802.11","166","-78 dBm","Probe Request, SN=56, FN=0, Flags=........C, SSID=""DIEGODANIEL"""
"385","156.808929152","SamsungE_24:fa:c0","Broadcast","802.11","155","-77 dBm","Probe Request, SN=57, FN=0, Flags=........C, SSID=Wildcard (Broadcast)"
"386","156.810023195","SamsungE_24:fa:c0","Broadcast","802.11","160","-76 dBm","Probe Request, SN=58, FN=0, Flags=........C, SSID=""pollo"""
"387","156.811187050","SamsungE_24:fa:c0","Broadcast","802.11","166","-77 dBm","Probe Request, SN=59, FN=0, Flags=........C, SSID=""DIEGODANIEL"""
"388","156.819744746","SamsungE_24:fa:c0","Broadcast","802.11","166","-77 dBm","Probe Request, SN=62, FN=0, Flags=........C, SSID=""DIEGODANIEL"""
"404","169.732847047","SamsungE_24:fa:c0","Broadcast","802.11","155","-84 dBm","Probe Request, SN=218, FN=0, Flags=........C, SSID=Wildcard (Broadcast)"
"405","169.776302904","SamsungE_24:fa:c0","Broadcast","802.11","155","-85 dBm","Probe Request, SN=221, FN=0, Flags=........C, SSID=Wildcard (Broadcast)"
"406","169.777287073","SamsungE_24:fa:c0","Broadcast","802.11","160","-84 dBm","Probe Request, SN=222, FN=0, Flags=........C, SSID=""pollo"""
"407","169.778457881","SamsungE_24:fa:c0","Broadcast","802.11","166","-84 dBm","Probe Request, SN=223, FN=0, Flags=........C, SSID=""DIEGODANIEL"""
"408","169.784778612","SamsungE_24:fa:c0","Broadcast","802.11","155","-86 dBm","Probe Request, SN=224, FN=0, Flags=........C, SSID=Wildcard (Broadcast)"
"409","169.785747068","SamsungE_24:fa:c0","Broadcast","802.11","160","-84 dBm","Probe Request, SN=225, FN=0, Flags=........C, SSID=""pollo"""
"410","169.786931738","SamsungE_24:fa:c0","Broadcast","802.11","166","-84 dBm","Probe Request, SN=226, FN=0, Flags=........C, SSID=""DIEGODANIEL"""
